url,status
https://www.google.com,0
https://www.youtube.com,0
https://www.facebook.com,0
https://www.amazon.com,0
https://www.wikipedia.org,0
https://www.twitter.com,0
https://www.instagram.com,0
https://www.linkedin.com,0
https://www.microsoft.com,0
https://www.apple.com,0
https://www.netflix.com,0
https://www.reddit.com,0
https://www.ebay.com,0
https://www.yahoo.com,0
https://www.bing.com,0
https://www.pinterest.com,0
https://www.whatsapp.com,0
https://www.spotify.com,0
https://www.twitch.tv,0
https://www.stackoverflow.com,0
https://www.github.com,0
https://www.gitlab.com,0
https://www.medium.com,0
https://www.quora.com,0
https://www.stackoverflow.com,0
https://www.adobe.com,0
https://www.paypal.com,0
https://www.bankofamerica.com,0
https://www.chase.com,0
https://www.wellsfargo.com,0
https://www.citibank.com,0
https://www.usbank.com,0
https://www.capitalone.com,0
https://www.discover.com,0
https://www.americanexpress.com,0
https://www.hulu.com,0
https://www.disneyplus.com,0
https://www.hbomax.com,0
https://www.primevideo.com,0
https://www.etsy.com,0
https://www.target.com,0
https://www.walmart.com,0
https://www.bestbuy.com,0
https://www.homedepot.com,0
https://www.lowes.com,0
https://www.costco.com,0
https://www.samsclub.com,0
https://www.cvs.com,0
https://www.walgreens.com,0
https://www.riteaid.com,0
https://www.kroger.com,0
https://www.safeway.com,0
https://www.albertsons.com,0
https://www.wholefoodsmarket.com,0
https://www.traderjoes.com,0
https://www.dominos.com,0
https://www.pizzahut.com,0
https://www.mcdonalds.com,0
https://www.burgerking.com,0
https://www.starbucks.com,0
https://www.dunkindonuts.com,0
https://www.subway.com,0
https://www.chipotle.com,0
https://www.tacobell.com,0
https://www.kfc.com,0
https://www.wendys.com,0
https://www.doordash.com,0
https://www.ubereats.com,0
https://www.grubhub.com,0
https://www.postmates.com,0
https://www.expedia.com,0
https://www.booking.com,0
https://www.airbnb.com,0
https://www.southwest.com,0
https://www.delta.com,0
https://www.united.com,0
https://www.americanairlines.com,0
https://www.jetblue.com,0
https://www.spirit.com,0
https://www.frontier.com,0
https://www.kayak.com,0
https://www.priceline.com,0
https://www.hotels.com,0
https://www.trivago.com,0
https://www.tripadvisor.com,0
https://www.zillow.com,0
https://www.realtor.com,0
https://www.redfin.com,0
https://www.carmax.com,0
https://www.cars.com,0
https://www.autotrader.com,0
https://www.webmd.com,0
https://www.mayoclinic.org,0
https://www.nih.gov,0
https://www.cdc.gov,0
https://www.who.int,0
https://www.weather.com,0
https://www.accuweather.com,0
https://www.darksky.net,0
https://www.cnn.com,0
https://www.foxnews.com,0
https://www.nytimes.com,0
https://www.wsj.com,0
https://www.bbc.com,0
https://www.theguardian.com,0
https://www.reuters.com,0
https://www.apnews.com,0
https://www.npr.org,0
https://www.espn.com,0
https://www.nba.com,0
https://www.mlb.com,0
https://www.nfl.com,0
https://www.nhl.com,0
https://www.fifa.com,0
https://www.uefa.com,0
https://www.formula1.com,0
https://www.nascar.com,0
https://www.pgatour.com,0
https://www.atptour.com,0
https://www.wtatennis.com,0
https://www.olympics.com,0
https://www.nationalgeographic.com,0
https://www.discovery.com,0
https://www.history.com,0
https://www.smithsonianmag.com,0
https://www.nasa.gov,0
https://www.spacex.com,0
https://www.tesla.com,0
https://www.ford.com,0
https://www.gm.com,0
https://www.toyota.com,0
https://www.honda.com,0
https://www.hyundai.com,0
https://www.kia.com,0
https://www.bmw.com,0
https://www.mercedes-benz.com,0
https://www.audi.com,0
https://www.volkswagen.com,0
https://www.porsche.com,0
https://www.ferrari.com,0
https://www.lamborghini.com,0
https://www.macys.com,0
https://www.nordstrom.com,0
https://www.kohls.com,0
https://www.jcpenney.com,0
https://www.sephora.com,0
https://www.ultabeauty.com,0
https://www.glossier.com,0
https://www.nike.com,0
https://www.adidas.com,0
https://www.underarmour.com,0
https://www.lululemon.com,0
https://www.zara.com,0
https://www.hm.com,0
https://www.forever21.com,0
https://www.shein.com,0
https://www.gap.com,0
https://www.oldnavy.com,0
https://www.bananarepublic.com,0
https://www.abercrombie.com,0
https://www.hollisterco.com,0
https://www.americaneagle.com,0
https://www.victoriassecret.com,0
https://www.bathandbodyworks.com,0
https://www.starwars.com,0
https://www.marvel.com,0
https://www.dccomics.com,0
https://www.lego.com,0
https://www.playstation.com,0
https://www.xbox.com,0
https://www.nintendo.com,0
https://www.steam.com,0
https://www.epicgames.com,0
https://www.roblox.com,0
https://www.minecraft.net,0
https://www.leagueoflegends.com,0
https://www.worldofwarcraft.com,0
https://www.runescape.com,0
https://www.fortnite.com,0
https://www.callofduty.com,0
https://www.ea.com,0
https://www.ubisoft.com,0
https://www.rockstargames.com,0
https://www.blizzard.com,0
https://www.riotgames.com,0
https://www.valve.com,0
https://www.google.com/maps,0
https://www.google.com/drive,0
https://www.google.com/photos,0
https://www.gmail.com,0
https://www.outlook.com,0
https://www.protonmail.com,0
https://www.duckduckgo.com,0
https://www.brave.com,0
https://www.mozilla.org,0
https://www.opera.com,0
https://www.vimeo.com,0
https://www.dailymotion.com,0
https://www.soundcloud.com,0
https://www.bandcamp.com,0
https://www.deviantart.com,0
https://www.flickr.com,0
https://www.imgur.com,0
https://www.unsplash.com,0
https://www.pexels.com,0
https://www.pixabay.com,0
https://www.canva.com,0
https://www.figma.com,0
https://www.sketch.com,0
https://www.autodesk.com,0
https://www.blender.org,0
https://www.unity.com,0
https://www.unrealengine.com,0
https://www.coursera.org,0
https://www.edx.org,0
https://www.udemy.com,0
https://www.khanacademy.org,0
https://www.duolingo.com,0
https://www.memrise.com,0
https://www.grammarly.com,0
https://www.evernote.com,0
https://www.notion.so,0
https://www.trello.com,0
https://www.asana.com,0
https://www.slack.com,0
https://www.zoom.us,0
https://www.microsoftteams.com,0
https://www.discord.com,0
https://www.skype.com,0
https://www.telegram.org,0
https://www.signal.org,0
https://www.viber.com,0
https://www.line.me,0
https://www.wechat.com,0
https://www.qq.com,0
https://www.baidu.com,0
https://www.sogou.com,0
https://www.weibo.com,0
https://www.tiktok.com,0
https://www.snapchat.com,0
https://www.tumblr.com,0
https://www.foursquare.com,0
https://www.yelp.com,0
https://www.opentable.com,0
https://www.zomato.com,0
https://www.trip.com,0
https://www.ctrip.com,0
https://www.agoda.com,0
https://www.hostelworld.com,0
https://www.rail.cc,0
https://www.flixbus.com,0
https://www.greyhound.com,0
https://www.amtrak.com,0
https://www.uber.com,0
https://www.lyft.com,0
https://www.getaround.com,0
https://www.zipcar.com,0
https://www.turo.com,0
https://www.car2go.com,0
https://www.reachnow.com,0
https://www.limebike.com,0
https://www.bird.co,0
https://www.spin.app,0
https://www.lyft.com/bikes,0
https://www.citi.com/bike,0
https://www.divvybikes.com,0
https://www.bluebikes.com,0
https://www.capitalbikeshare.com,0
https://www.biketownpdx.com,0
https://www.baywheels.com,0
https://www.lyft.com/scooters,0
https://www.bird.co/scooters,0
https://www.limebike.com/scooters,0
https://www.spin.app/scooters,0
https://www.skip.com,0
https://www.razor.com,0
https://www.segway.com,0
https://www.boostedboards.com,0
https://www.onewheel.com,0
https://www.electricskateboard.com,0
https://www.escooter.com,0
https://www.electricbike.com,0
https://www.radpowerbikes.com,0
https://www.lectricebikes.com,0
https://www.super73.com,0
https://www.huckcycles.com,0
https://www.onyxmotorbikes.com,0
https://www.surron.com,0
https://www.talaria.com,0
https://www.segway.com/dirt-ebike,0
https://www.kuberg.com,0
https://www.stacyc.com,0
https://www.osetbikes.com,0
https://www.gasgas.com,0
https://www.ktm.com,0
https://www.husqvarna-motorcycles.com,0
https://www.sherco.com,0
https://www.betausa.com,0
https://www.tmracing.it,0
https://www.fantic.com,0
https://www.rieju.com,0
https://www.swm-motorcycles.it,0
https://www.mondialmotors.it,0
https://www.benelli.com,0
https://www.moto-guzzi.com,0
https://www.aprilia.com,0
https://www.ducati.com,0
https://www.mvagusta.com,0
https://www.bimota.it,0
https://www.cagiva.com,0
https://www.derbi.com,0
https://www.gilera.com,0
https://www.piaggio.com,0
https://www.vespa.com,0
https://www.malaguti.com,0
https://www.sym-global.com,0
https://www.kymco.com,0
https://www.tgb.com.tw,0
https://www.aeonmotor.com,0
https://www.pgo.com.tw,0
https://www.hartford-motors.com,0
https://www.sanyang.com.tw,0
https://www.cfmoto.com,0
https://www.loncinmotor.com,0
https://www.zongshen.com,0
https://www.lifan.com,0
https://www.jialing.com.cn,0
https://www.dayunmotor.com,0
https://www.qjmotor.com,0
https://www.benelli.com.cn,0
https://www.keewaymotor.com,0
https://www.generic-motor.com,0
https://www.hyosungmotors.com,0
https://www.daelim.com,0
https://www.kymco.com.tw,0
https://www.sym-global.com.tw,0
https://www.pgo.com.tw,0
https://www.aeonmotor.com.tw,0
https://www.hartford-motors.com.tw,0
https://www.sanyang.com.tw,0
https://www.cfmoto.com.cn,0
https://www.loncinmotor.com.cn,0
https://www.zongshen.com.cn,0
https://www.lifan.com.cn,0
https://www.jialing.com.cn,0
https://www.dayunmotor.com.cn,0
https://www.qjmotor.com.cn,0
https://www.benelli.com.cn,0
https://www.keewaymotor.com.cn,0
https://www.generic-motor.com.cn,0
https://www.hyosungmotors.com.cn,0
https://www.daelim.com.cn,0
https://www.kymco.com.cn,0
https://www.sym-global.com.cn,0
https://www.pgo.com.cn,0
https://www.aeonmotor.com.cn,0
https://www.hartford-motors.com.cn,0
https://www.sanyang.com.cn,0
https://www.cfmoto.com.cn,0
https://www.loncinmotor.com.cn,0
https://www.zongshen.com.cn,0
https://www.lifan.com.cn,0
https://www.jialing.com.cn,0
https://www.dayunmotor.com.cn,0
https://www.qjmotor.com.cn,0
https://www.benelli.com.cn,0
https://www.keewaymotor.com.cn,0
https://www.generic-motor.com.cn,0
https://www.hyosungmotors.com.cn,0
https://www.daelim.com.cn,0
https://www.kymco.com.cn,0
https://www.sym-global.com.cn,0
https://www.pgo.com.cn,0
https://www.aeonmotor.com.cn,0
https://www.hartford-motors.com.cn,0
https://www.sanyang.com.cn,0
https://www.cfmoto.com.cn,0
https://www.loncinmotor.com.cn,0
https://www.zongshen.com.cn,0
https://www.lifan.com.cn,0
https://www.jialing.com.cn,0
https://www.dayunmotor.com.cn,0
https://www.qjmotor.com.cn,0
https://www.benelli.com.cn,0
https://www.keewaymotor.com.cn,0
https://www.generic-motor.com.cn,0
https://www.hyosungmotors.com.cn,0
https://www.daelim.com.cn,0
https://www.kymco.com.cn,0
https://www.sym-global.com.cn,0
https://www.pgo.com.cn,0
https://www.aeonmotor.com.cn,0
https://www.hartford-motors.com.cn,0
https://www.sanyang.com.cn,0
https://www.cfmoto.com.cn,0
https://www.loncinmotor.com.cn,0
https://www.zongshen.com.cn,0
https://www.lifan.com.cn,0
https://www.jialing.com.cn,0
https://www.dayunmotor.com.cn,0
https://www.qjmotor.com.cn,0
https://www.benelli.com.cn,0
https://www.keewaymotor.com.cn,0
https://www.generic-motor.com.cn,0
https://www.hyosungmotors.com.cn,0
https://www.daelim.com.cn,0
https://www.kymco.com.cn,0
https://www.sym-global.com.cn,0
https://www.pgo.com.cn,0
https://www.aeonmotor.com.cn,0
https://www.hartford-motors.com.cn,0
https://www.sanyang.com.cn,0
https://www.cfmoto.com.cn,0
https://www.loncinmotor.com.cn,0
https://www.zongshen.com.cn,0
https://www.lifan.com.cn,0
https://www.jialing.com.cn,0
https://www.dayunmotor.com.cn,0
https://www.qjmotor.com.cn,0
https://www.benelli.com.cn,0
https://www.keewaymotor.com.cn,0
https://www.generic-motor.com.cn,0
https://www.hyosungmotors.com.cn,0
https://www.daelim.com.cn,0
https://www.kymco.com.cn,0
https://www.sym-global.com.cn,0
https://www.pgo.com.cn,0
https://www.aeonmotor.com.cn,0
https://www.hartford-motors.com.cn,0
https://www.sanyang.com.cn,0
https://www.cfmoto.com.cn,0
https://www.loncinmotor.com.cn,0
https://www.zongshen.com.cn,0
https://www.lifan.com.cn,0
https://www.jialing.com.cn,0
https://www.dayunmotor.com.cn,0
https://www.qjmotor.com.cn,0
https://www.benelli.com.cn,0
https://www.keewaymotor.com.cn,0
https://www.generic-motor.com.cn,0
https://www.hyosungmotors.com.cn,0
https://www.daelim.com.cn,0
https://www.kymco.com.cn,0
https://www.sym-global.com.cn,0
https://www.pgo.com.cn,0
https://www.aeonmotor.com.cn,0
https://www.hartford-motors.com.cn,0
https://www.sanyang.com.cn,0
https://www.cfmoto.com.cn,0
https://www.loncinmotor.com.cn,0
https://www.zongshen.com.cn,0
https://www.lifan.com.cn,0
https://www.jialing.com.cn,0
https://www.dayunmotor.com.cn,0
https://www.qjmotor.com.cn,0
https://www.benelli.com.cn,0
https://www.keewaymotor.com.cn,0
https://www.generic-motor.com.cn,0
https://www.hyosungmotors.com.cn,0
https://www.daelim.com.cn,0
https://www.kymco.com.cn,0
https://www.sym-global.com.cn,0
https://www.pgo.com.cn,0
https://www.aeonmotor.com.cn,0
https://www.hartford-motors.com.cn,0
https://www.sanyang.com.cn,0
https://www.cfmoto.com.cn,0
https://www.loncinmotor.com.cn,0
https://www.zongshen.com.cn,0
https://www.lifan.com.cn,0
https://www.jialing.com.cn,0
https://www.dayunmotor.com.cn,0
https://www.qjmotor.com.cn,0
https://www.benelli.com.cn,0
https://www.keewaymotor.com.cn,0
https://www.generic-motor.com.cn,0
https://www.hyosungmotors.com.cn,0
https://www.daelim.com.cn,0
https://www.kymco.com.cn,0
https://www.sym-global.com.cn,0
https://www.pgo.com.cn,0
https://www.aeonmotor.com.cn,0
https://www.hartford-motors.com.cn,0
https://www.sanyang.com.cn,0
https://www.cfmoto.com.cn,0
https://www.loncinmotor.com.cn,0
https://www.zongshen.com.cn,0
https://www.lifan.com.cn,0
https://www.jialing.com.cn,0
https://www.dayunmotor.com.cn,0
https://www.qjmotor.com.cn,0
https://www.benelli.com.cn,0
https://www.keewaymotor.com.cn,0
https://www.generic-motor.com.cn,0
https://www.hyosungmotors.com.cn,0
https://www.daelim.com.cn,0
https://www.kymco.com.cn,0
https://www.sym-global.com.cn,0
https://www.pgo.com.cn,0
https://www.aeonmotor.com.cn,0
https://www.hartford-motors.com.cn,0
https://www.sanyang.com.cn,0
https://www.cfmoto.com.cn,0
https://www.loncinmotor.com.cn,0
https://www.zongshen.com.cn,0
https://www.lifan.com.cn,0
https://www.jialing.com.cn,0
https://www.dayunmotor.com.cn,0
https://www.qjmotor.com.cn,0
https://www.benelli.com.cn,0
https://www.keewaymotor.com.cn,0
https://www.generic-motor.com.cn,0
https://www.hyosungmotors.com.cn,0
https://www.daelim.com.cn,0
https://www.kymco.com.cn,0
https://www.sym-global.com.cn,0
https://www.pgo.com.cn,0
https://www.aeonmotor.com.cn,0
https://www.hartford-motors.com.cn,0
https://www.sanyang.com.cn,0
https://www.cfmoto.com.cn,0
https://www.loncinmotor.com.cn,0
https://www.zongshen.com.cn,0
https://www.lifan.com.cn,0
https://www.jialing.com.cn,0
https://www.dayunmotor.com.cn,0
https://www.qjmotor.com.cn,0
https://www.benelli.com.cn,0
https://www.keewaymotor.com.cn,0
https://www.generic-motor.com.cn,0
https://www.hyosungmotors.com.cn,0
https://www.daelim.com.cn,0
https://www.kymco.com.cn,0
https://www.sym-global.com.cn,0
https://www.pgo.com.cn,0
https://www.aeonmotor.com.cn,0
https://www.hartford-motors.com.cn,0
https://www.sanyang.com.cn,0
https://www.cfmoto.com.cn,0
https://www.loncinmotor.com.cn,0
https://www.zongshen.com.cn,0
https://www.lifan.com.cn,0
https://www.jialing.com.cn,0
https://www.dayunmotor.com.cn,0
https://www.qjmotor.com.cn,0
https://www.benelli.com.cn,0
https://www.keewaymotor.com.cn,0
https://www.generic-motor.com.cn,0
https://www.hyosungmotors.com.cn,0
https://www.daelim.com.cn,0
https://www.kymco.com.cn,0
https://www.sym-global.com.cn,0
https://www.pgo.com.cn,0
https://www.aeonmotor.com.cn,0
https://www.hartford-motors.com.cn,0
https://www.sanyang.com.cn,0
https://www.cfmoto.com.cn,0
https://www.loncinmotor.com.cn,0
https://www.zongshen.com.cn,0
https://www.lifan.com.cn,0
https://www.jialing.com.cn,0
https://www.dayunmotor.com.cn,0
https://www.qjmotor.com.cn,0
https://www.benelli.com.cn,0
https://www.keewaymotor.com.cn,0
https://www.generic-motor.com.cn,0
https://www.hyosungmotors.com.cn,0
https://www.daelim.com.cn,0
https://www.kymco.com.cn,0
https://www.sym-global.com.cn,0
https://www.pgo.com.cn,0
https://www.aeonmotor.com.cn,0
https://www.hartford-motors.com.cn,0
https://www.sanyang.com.cn,0
https://www.cfmoto.com.cn,0
https://www.loncinmotor.com.cn,0
https://www.zongshen.com.cn,0
https://www.lifan.com.cn,0
https://www.jialing.com.cn,0
https://www.dayunmotor.com.cn,0
https://www.qjmotor.com.cn,0
https://www.benelli.com.cn,0
https://www.keewaymotor.com.cn,0
https://www.generic-motor.com.cn,0
https://www.hyosungmotors.com.cn,0
https://www.daelim.com.cn,0
https://www.kymco.com.cn,0
https://www.sym-global.com.cn,0
https://www.pgo.com.cn,0
https://www.aeonmotor.com.cn,0
https://www.hartford-motors.com.cn,0
https://www.sanyang.com.cn,0
https://www.cfmoto.com.cn,0
https://www.loncinmotor.com.cn,0
https://www.zongshen.com.cn,0
https://www.lifan.com.cn,0
https://www.jialing.com.cn,0
https://www.dayunmotor.com.cn,0
https://www.qjmotor.com.cn,0
https://www.benelli.com.cn,0
https://www.keewaymotor.com.cn,0
https://www.generic-motor.com.cn,0
https://www.hyosungmotors.com.cn,0
https://www.daelim.com.cn,0
https://www.kymco.com.cn,0
https://www.sym-global.com.cn,0
https://www.pgo.com.cn,0
https://www.aeonmotor.com.cn,0
https://www.hartford-motors.com.cn,0
https://www.sanyang.com.cn,0
https://www.cfmoto.com.cn,0
https://www.loncinmotor.com.cn,0
https://www.zongshen.com.cn,0
https://www.lifan.com.cn,0
https://www.jialing.com.cn,0
https://www.dayunmotor.com.cn,0
https://www.qjmotor.com.cn,0
https://www.benelli.com.cn,0
https://www.keewaymotor.com.cn,0
https://www.generic-motor.com.cn,0
https://www.hyosungmotors.com.cn,0
https://www.daelim.com.cn,0
https://www.kymco.com.cn,0
https://www.sym-global.com.cn,0
https://www.pgo.com.cn,0
https://www.aeonmotor.com.cn,0
https://www.hartford-motors.com.cn,0
https://www.sanyang.com.cn,0
https://www.cfmoto.com.cn,0
https://www.loncinmotor.com.cn,0
https://www.zongshen.com.cn,0
https://www.lifan.com.cn,0
https://www.jialing.com.cn,0
https://www.dayunmotor.com.cn,0
https://www.qjmotor.com.cn,0
https://www.benelli.com.cn,0
https://www.keewaymotor.com.cn,0
https://www.generic-motor.com.cn,0
https://www.hyosungmotors.com.cn,0
https://www.daelim.com.cn,0
https://www.kymco.com.cn,0
https://www.sym-global.com.cn,0
https://www.pgo.com.cn,0
https://www.aeonmotor.com.cn,0
https://www.hartford-motors.com.cn,0
https://www.sanyang.com.cn,0
https://www.cfmoto.com.cn,0
https://www.loncinmotor.com.cn,0
https://www.zongshen.com.cn,0
https://www.lifan.com.cn,0
https://www.jialing.com.cn,0
https://www.dayunmotor.com.cn,0
https://www.qjmotor.com.cn,0
https://www.benelli.com.cn,0
https://www.keewaymotor.com.cn,0
https://www.generic-motor.com.cn,0
https://www.hyosungmotors.com.cn,0
https://www.daelim.com.cn,0
https://www.kymco.com.cn,0
https://www.sym-global.com.cn,0
https://www.pgo.com.cn,0
https://www.aeonmotor.com.cn,0
https://www.hartford-motors.com.cn,0
https://www.sanyang.com.cn,0
https://www.cfmoto.com.cn,0
https://www.loncinmotor.com.cn,0
https://www.zongshen.com.cn,0
https://www.lifan.com.cn,0
https://www.jialing.com.cn,0
https://www.dayunmotor.com.cn,0
https://www.qjmotor.com.cn,0
https://www.benelli.com.cn,0
https://www.keewaymotor.com.cn,0
https://www.generic-motor.com.cn,0
https://www.hyosungmotors.com.cn,0
https://www.daelim.com.cn,0
https://www.kymco.com.cn,0
https://www.sym-global.com.cn,0
https://www.pgo.com.cn,0
https://www.aeonmotor.com.cn,0
https://www.hartford-motors.com.cn,0
https://www.sanyang.com.cn,0
https://www.cfmoto.com.cn,0
https://www.loncinmotor.com.cn,0
https://www.zongshen.com.cn,0
https://www.lifan.com.cn,0
https://www.jialing.com.cn,0
https://www.dayunmotor.com.cn,0
https://www.qjmotor.com.cn,0
https://www.benelli.com.cn,0
https://www.keewaymotor.com.cn,0
https://www.generic-motor.com.cn,0
https://www.hyosungmotors.com.cn,0
https://www.daelim.com.cn,0
https://www.kymco.com.cn,0
https://www.sym-global.com.cn,0
https://www.pgo.com.cn,0
https://www.aeonmotor.com.cn,0
https://www.hartford-motors.com.cn,0
https://www.sanyang.com.cn,0
https://www.cfmoto.com.cn,0
https://www.loncinmotor.com.cn,0
https://www.zongshen.com.cn,0
https://www.lifan.com.cn,0
https://www.jialing.com.cn,0
https://www.dayunmotor.com.cn,0
https://www.qjmotor.com.cn,0
https://www.benelli.com.cn,0
https://www.keewaymotor.com.cn,0
https://www.generic-motor.com.cn,0
https://www.hyosungmotors.com.cn,0
https://www.daelim.com.cn,0
https://www.kymco.com.cn,0
https://www.sym-global.com.cn,0
https://www.pgo.com.cn,0
https://www.aeonmotor.com.cn,0
https://www.hartford-motors.com.cn,0
https://www.sanyang.com.cn,0
https://www.cfmoto.com.cn,0
https://www.loncinmotor.com.cn,0
https://www.zongshen.com.cn,0
https://www.lifan.com.cn,0
https://www.jialing.com.cn,0
https://www.dayunmotor.com.cn,0
https://www.qjmotor.com.cn,0
https://www.benelli.com.cn,0
https://www.keewaymotor.com.cn,0
https://www.generic-motor.com.cn,0
https://www.hyosungmotors.com.cn,0
https://www.daelim.com.cn,0
https://www.kymco.com.cn,0
https://www.sym-global.com.cn,0
https://www.pgo.com.cn,0
https://www.aeonmotor.com.cn,0
https://www.hartford-motors.com.cn,0
https://www.sanyang.com.cn,0
https://www.cfmoto.com.cn,0
https://www.loncinmotor.com.cn,0
https://www.zongshen.com.cn,0
https://www.lifan.com.cn,0
https://www.jialing.com.cn,0
https://www.dayunmotor.com.cn,0
https://www.qjmotor.com.cn,0
https://www.benelli.com.cn,0
https://www.keewaymotor.com.cn,0
https://www.generic-motor.com.cn,0
https://www.hyosungmotors.com.cn,0
https://www.daelim.com.cn,0
https://www.kymco.com.cn,0
https://www.sym-global.com.cn,0
https://www.pgo.com.cn,0
https://www.aeonmotor.com.cn,0
https://www.hartford-motors.com.cn,0
https://www.sanyang.com.cn,0
https://www.cfmoto.com.cn,0
https://www.loncinmotor.com.cn,0
https://www.zongshen.com.cn,0
https://www.lifan.com.cn,0
https://www.jialing.com.cn,0
https://www.dayunmotor.com.cn,0
https://www.qjmotor.com.cn,0
https://www.benelli.com.cn,0
https://www.keewaymotor.com.cn,0
https://www.generic-motor.com.cn,0
https://www.hyosungmotors.com.cn,0
https://www.daelim.com.cn,0
https://www.kymco.com.cn,0
https://www.sym-global.com.cn,0
https://www.pgo.com.cn,0
https://www.aeonmotor.com.cn,0
https://www.hartford-motors.com.cn,0
https://www.sanyang.com.cn,0
https://www.cfmoto.com.cn,0
https://www.loncinmotor.com.cn,0
https://www.zongshen.com.cn,0
https://www.lifan.com.cn,0
https://www.jialing.com.cn,0
https://www.dayunmotor.com.cn,0
https://www.qjmotor.com.cn,0
https://www.benelli.com.cn,0
https://www.keewaymotor.com.cn,0
https://www.generic-motor.com.cn,0
https://www.hyosungmotors.com.cn,0
https://www.daelim.com.cn,0
https://www.kymco.com.cn,0
https://www.sym-global.com.cn,0
https://www.pgo.com.cn,0
https://www.aeonmotor.com.cn,0
https://www.hartford-motors.com.cn,0
https://www.sanyang.com.cn,0
https://www.cfmoto.com.cn,0
https://www.loncinmotor.com.cn,0
https://www.zongshen.com.cn,0
https://www.lifan.com.cn,0
https://www.jialing.com.cn,0
https://www.dayunmotor.com.cn,0
https://www.qjmotor.com.cn,0
https://www.benelli.com.cn,0
https://www.keewaymotor.com.cn,0
https://www.generic-motor.com.cn,0
https://www.hyosungmotors.com.cn,0
https://www.daelim.com.cn,0
https://www.kymco.com.cn,0
https://www.sym-global.com.cn,0
https://www.pgo.com.cn,0
https://www.aeonmotor.com.cn,0
https://www.hartford-motors.com.cn,0
https://www.sanyang.com.cn,0
https://www.cfmoto.com.cn,0
https://www.loncinmotor.com.cn,0
https://www.zongshen.com.cn,0
https://www.lifan.com.cn,0
https://www.jialing.com.cn,0
https://www.dayunmotor.com.cn,0
https://www.qjmotor.com.cn,0
https://www.benelli.com.cn,0
https://www.keewaymotor.com.cn,0
https://www.generic-motor.com.cn,0
https://www.hyosungmotors.com.cn,0
https://www.daelim.com.cn,0
https://www.kymco.com.cn,0
https://www.sym-global.com.cn,0
https://www.pgo.com.cn,0
https://www.aeonmotor.com.cn,0
https://www.hartford-motors.com.cn,0
https://www.sanyang.com.cn,0
https://www.cfmoto.com.cn,0
https://www.loncinmotor.com.cn,0
https://www.zongshen.com.cn,0
https://www.lifan.com.cn,0
https://www.jialing.com.cn,0
https://www.dayunmotor.com.cn,0
https://www.qjmotor.com.cn,0
https://www.benelli.com.cn,0
https://www.keewaymotor.com.cn,0
https://www.generic-motor.com.cn,0
https://www.hyosungmotors.com.cn,0
https://www.daelim.com.cn,0
https://www.kymco.com.cn,0
https://www.sym-global.com.cn,0
https://www.pgo.com.cn,0
https://www.aeonmotor.com.cn,0
https://www.hartford-motors.com.cn,0
https://www.sanyang.com.cn,0
https://www.cfmoto.com.cn,0
https://www.loncinmotor.com.cn,0
https://www.zongshen.com.cn,0
https://www.lifan.com.cn,0
https://www.jialing.com.cn,0
https://www.dayunmotor.com.cn,0
https://www.qjmotor.com.cn,0
https://www.benelli.com.cn,0
https://www.keewaymotor.com.cn,0
https://www.generic-motor.com.cn,0
https://www.hyosungmotors.com.cn,0
https://www.daelim.com.cn,0
https://www.kymco.com.cn,0
https://www.sym-global.com.cn,0
https://www.pgo.com.cn,0
https://www.aeonmotor.com.cn,0
https://www.hartford-motors.com.cn,0
https://www.sanyang.com.cn,0
https://www.cfmoto.com.cn,0
https://www.loncinmotor.com.cn,0
https://www.zongshen.com.cn,0
https://www.lifan.com.cn,0
https://www.jialing.com.cn,0
https://www.dayunmotor.com.cn,0
https://www.qjmotor.com.cn,0
https://www.benelli.com.cn,0
https://www.keewaymotor.com.cn,0
https://www.generic-motor.com.cn,0
https://www.hyosungmotors.com.cn,0
https://www.daelim.com.cn,0
https://www.kymco.com.cn,0
https://www.sym-global.com.cn,0
https://www.pgo.com.cn,0
https://www.aeonmotor.com.cn,0
https://www.hartford-motors.com.cn,0
https://www.sanyang.com.cn,0
https://www.cfmoto.com.cn,0
https://www.loncinmotor.com.cn,0
https://www.zongshen.com.cn,0
https://www.lifan.com.cn,0
https://www.jialing.com.cn,0
https://www.dayunmotor.com.cn,0
https://www.qjmotor.com.cn,0
https://www.benelli.com.cn,0
https://www.keewaymotor.com.cn,0
https://www.generic-motor.com.cn,0
https://www.hyosungmotors.com.cn,0
https://www.daelim.com.cn,0
https://www.kymco.com.cn,0
https://www.sym-global.com.cn,0
https://www.pgo.com.cn,0
https://www.aeonmotor.com.cn,0
https://www.hartford-motors.com.cn,0
https://www.sanyang.com.cn,0
https://www.cfmoto.com.cn,0
https://www.loncinmotor.com.cn,0
https://www.zongshen.com.cn,0
https://www.lifan.com.cn,0
https://www.jialing.com.cn,0
https://www.dayunmotor.com.cn,0
https://www.qjmotor.com.cn,0
https://www.benelli.com.cn,0
https://www.keewaymotor.com.cn,0
https://https://www.google.com,0
https://www.youtube.com,0
https://www.facebook.com,0
https://www.amazon.com,0
https://www.wikipedia.org,0
https://www.twitter.com,0
https://www.instagram.com,0
https://www.linkedin.com,0
https://www.microsoft.com,0
https://www.apple.com,0
https://www.netflix.com,0
https://www.reddit.com,0
https://www.ebay.com,0
https://www.yahoo.com,0
https://www.bing.com,0
https://www.pinterest.com,0
https://www.whatsapp.com,0
https://www.spotify.com,0
https://www.twitch.tv,0
https://www.stackoverflow.com,0
https://www.github.com,0
https://www.gitlab.com,0
https://www.medium.com,0
https://www.quora.com,0
https://www.stackoverflow.com,0
https://www.adobe.com,0
https://www.paypal.com,0
https://www.bankofamerica.com,0
https://www.chase.com,0
https://www.wellsfargo.com,0
https://www.citibank.com,0
https://www.usbank.com,0
https://www.capitalone.com,0
https://www.discover.com,0
https://www.americanexpress.com,0
https://www.hulu.com,0
https://www.disneyplus.com,0
https://www.hbomax.com,0
https://www.primevideo.com,0
https://www.etsy.com,0
https://www.target.com,0
https://www.walmart.com,0
https://www.bestbuy.com,0
https://www.homedepot.com,0
https://www.lowes.com,0
https://www.costco.com,0
https://www.samsclub.com,0
https://www.cvs.com,0
https://www.walgreens.com,0
https://www.riteaid.com,0
https://www.kroger.com,0
https://www.safeway.com,0
https://www.albertsons.com,0
https://www.wholefoodsmarket.com,0
https://www.traderjoes.com,0
https://www.dominos.com,0
https://www.pizzahut.com,0
https://www.mcdonalds.com,0
https://www.burgerking.com,0
https://www.starbucks.com,0
https://www.dunkindonuts.com,0
https://www.subway.com,0
https://www.chipotle.com,0
https://www.tacobell.com,0
https://www.kfc.com,0
https://www.wendys.com,0
https://www.doordash.com,0
https://www.ubereats.com,0
https://www.grubhub.com,0
https://www.postmates.com,0
https://www.expedia.com,0
https://www.booking.com,0
https://www.airbnb.com,0
https://www.southwest.com,0
https://www.delta.com,0
https://www.united.com,0
https://www.americanairlines.com,0
https://www.jetblue.com,0
https://www.www.google.com,0
https://www.youtube.com,0
https://www.facebook.com,0
https://www.amazon.com,0
https://www.wikipedia.org,0
https://www.twitter.com,0
https://www.instagram.com,0
https://www.linkedin.com,0
https://www.microsoft.com,0
https://www.apple.com,0
https://www.netflix.com,0
https://www.reddit.com,0
https://www.ebay.com,0
https://www.yahoo.com,0
https://www.bing.com,0
https://www.pinterest.com,0
https://www.whatsapp.com,0
https://www.spotify.com,0
https://www.twitch.tv,0
https://www.stackoverflow.com,0
https://www.github.com,0
https://www.gitlab.com,0
https://www.medium.com,0
https://www.quora.com,0
https://www.stackoverflow.com,0
https://www.adobe.com,0
https://www.paypal.com,0
https://www.bankofamerica.com,0
https://www.chase.com,0
https://www.wellsfargo.com,0
https://www.citibank.com,0
https://www.usbank.com,0
https://www.capitalone.com,0
https://www.discover.com,0
https://www.americanexpress.com,0
https://www.hulu.com,0
https://www.disneyplus.com,0
https://www.hbomax.com,0
https://www.primevideo.com,0
https://www.etsy.com,0
https://www.target.com,0
https://www.walmart.com,0
https://www.bestbuy.com,0
https://www.homedepot.com,0
https://www.lowes.com,0
https://www.costco.com,0
https://www.samsclub.com,0
https://www.cvs.com,0
https://www.walgreens.com,0
https://www.riteaid.com,0
https://www.kroger.com,0
https://www.safeway.com,0
https://www.albertsons.com,0
https://www.wholefoodsmarket.com,0
https://www.traderjoes.com,0
https://www.dominos.com,0
https://www.pizzahut.com,0
https://www.mcdonalds.com,0
https://www.burgerking.com,0
https://www.starbucks.com,0
https://www.dunkindonuts.com,0
https://www.subway.com,0
https://www.chipotle.com,0
https://www.tacobell.com,0
https://www.kfc.com,0
https://www.wendys.com,0
https://www.doordash.com,0
https://www.ubereats.com,0
https://www.grubhub.com,0
https://www.postmates.com,0
https://www.expedia.com,0
https://www.booking.com,0
https://www.airbnb.com,0
https://www.southwest.com,0
https://www.delta.com,0
https://www.united.com,0
https://www.americanairlines.com,0
https://www.jetblue.com,0
https://www.spirit.com,0
https://www.frontier.com,0
https://www.kayak.com,0
https://www.priceline.com,0
https://www.hotels.com,0
https://www.trivago.com,0
https://www.tripadvisor.com,0
https://www.zillow.com,0
https://www.realtor.com,0
https://www.redfin.com,0
https://www.carmax.com,0
https://www.cars.com,0
https://www.autotrader.com,0
https://www.webmd.com,0
https://www.mayoclinic.org,0
https://www.nih.gov,0
https://www.cdc.gov,0
https://www.who.int,0
https://www.weather.com,0
https://www.accuweather.com,0
https://www.darksky.net,0
https://www.cnn.com,0
https://www.foxnews.com,0
https://www.nytimes.com,0
https://www.wsj.com,0
https://www.bbc.com,0
https://www.theguardian.com,0
https://www.reuters.com,0
https://www.apnews.com,0
https://www.npr.org,0
https://www.espn.com,0
https://www.nba.com,0
https://www.mlb.com,0
https://www.nfl.com,0
https://www.nhl.com,0
https://www.fifa.com,0
https://www.uefa.com,0
https://www.formula1.com,0
https://www.nascar.com,0
https://www.pgatour.com,0
https://www.atptour.com,0
https://www.wtatennis.com,0
https://www.olympics.com,0
https://www.nationalgeographic.com,0
https://www.discovery.com,0
https://www.history.com,0
https://www.smithsonianmag.com,0
https://www.nasa.gov,0
https://www.spacex.com,0
https://www.tesla.com,0
https://www.ford.com,0
https://www.gm.com,0
https://www.toyota.com,0
https://www.honda.com,0
https://www.hyundai.com,0
https://www.kia.com,0
https://www.bmw.com,0
https://www.mercedes-benz.com,0
https://www.audi.com,0
https://www.volkswagen.com,0
https://www.porsche.com,0
https://www.ferrari.com,0
https://www.lamborghini.com,0
https://www.macys.com,0
https://www.nordstrom.com,0
https://www.kohls.com,0
https://www.jcpenney.com,0
https://www.sephora.com,0
https://www.ultabeauty.com,0
https://www.glossier.com,0
https://www.nike.com,0
https://www.adidas.com,0
https://www.underarmour.com,0
https://www.lululemon.com,0
https://www.zara.com,0
https://www.hm.com,0
https://www.forever21.com,0
https://www.shein.com,0
https://www.gap.com,0
https://www.oldnavy.com,0
https://www.bananarepublic.com,0
https://www.abercrombie.com,0
https://www.hollisterco.com,0
https://www.americaneagle.com,0
https://www.victoriassecret.com,0
https://www.bathandbodyworks.com,0
https://www.starwars.com,0
https://www.marvel.com,0
https://www.dccomics.com,0
https://www.lego.com,0
https://www.playstation.com,0
https://www.xbox.com,0
https://www.nintendo.com,0
https://www.steam.com,0
https://www.epicgames.com,0
https://www.roblox.com,0
https://www.minecraft.net,0
https://www.leagueoflegends.com,0
https://www.worldofwarcraft.com,0
https://www.runescape.com,0
https://www.fortnite.com,0
https://www.callofduty.com,0
https://www.ea.com,0
https://www.ubisoft.com,0
https://www.rockstargames.com,0
https://www.blizzard.com,0
https://www.riotgames.com,0
https://www.valve.com,0
https://www.google.com/maps,0
https://www.google.com/drive,0
https://www.google.com/photos,0
https://www.gmail.com,0
https://www.outlook.com,0
https://www.protonmail.com,0
https://www.duckduckgo.com,0
https://www.brave.com,0
https://www.mozilla.org,0
https://www.opera.com,0
https://www.vimeo.com,0
https://www.dailymotion.com,0
https://www.soundcloud.com,0
https://www.bandcamp.com,0
https://www.deviantart.com,0
https://www.flickr.com,0
https://www.imgur.com,0
https://www.unsplash.com,0
https://www.pexels.com,0
https://www.pixabay.com,0
https://www.canva.com,0
https://www.figma.com,0
https://www.sketch.com,0
https://www.autodesk.com,0
https://www.blender.org,0
https://www.unity.com,0
https://www.unrealengine.com,0
https://www.coursera.org,0
https://www.edx.org,0
https://www.udemy.com,0
https://www.khanacademy.org,0
https://www.duolingo.com,0
https://www.memrise.com,0
https://www.grammarly.com,0
https://www.evernote.com,0
https://www.notion.so,0
https://www.trello.com,0
https://www.asana.com,0
https://www.slack.com,0
https://www.zoom.us,0
https://www.microsoftteams.com,0
https://www.discord.com,0
https://www.skype.com,0
https://www.telegram.org,0
https://www.signal.org,0
https://www.viber.com,0
https://www.line.me,0
https://www.wechat.com,0
https://www.qq.com,0
https://www.baidu.com,0
https://www.sogou.com,0
https://www.weibo.com,0
https://www.tiktok.com,0
https://www.snapchat.com,0
https://www.tumblr.com,0
https://www.foursquare.com,0
https://www.yelp.com,0
https://www.opentable.com,0
https://www.zomato.com,0
https://www.trip.com,0
https://www.ctrip.com,0
https://www.agoda.com,0
https://www.hostelworld.com,0
https://www.rail.cc,0
https://www.flixbus.com,0
https://www.greyhound.com,0
https://www.amtrak.com,0
https://www.uber.com,0
https://www.lyft.com,0
https://www.getaround.com,0
https://www.zipcar.com,0
https://www.turo.com,0
https://www.car2go.com,0
https://www.reachnow.com,0
https://www.limebike.com,0
https://www.bird.co,0
https://www.spin.app,0
https://www.lyft.com/bikes,0
https://www.citi.com/bike,0
https://www.divvybikes.com,0
https://www.bluebikes.com,0
https://www.capitalbikeshare.com,0
https://www.biketownpdx.com,0
https://www.baywheels.com,0
https://www.lyft.com/scooters,0
https://www.bird.co/scooters,0
https://www.limebike.com/scooters,0
https://www.spin.app/scooters,0
https://www.skip.com,0
https://www.razor.com,0
https://www.segway.com,0
https://www.boostedboards.com,0
https://www.onewheel.com,0
https://www.electricskateboard.com,0
https://www.escooter.com,0
https://www.electricbike.com,0
https://www.radpowerbikes.com,0
https://www.lectricebikes.com,0
https://www.super73.com,0
https://www.huckcycles.com,0
https://www.onyxmotorbikes.com,0
https://www.surron.com,0
https://www.talaria.com,0
https://www.segway.com/dirt-ebike,0
https://www.kuberg.com,0
https://www.stacyc.com,0
https://www.osetbikes.com,0
https://www.gasgas.com,0
https://www.ktm.com,0
https://www.husqvarna-motorcycles.com,0
https://www.sherco.com,0
https://www.betausa.com,0
https://www.tmracing.it,0
https://www.fantic.com,0
https://www.rieju.com,0
https://www.swm-motorcycles.it,0
https://www.mondialmotors.it,0
https://www.benelli.com,0
https://www.moto-guzzi.com,0
https://www.aprilia.com,0
https://www.ducati.com,0
https://www.mvagusta.com,0
https://www.bimota.it,0
https://www.cagiva.com,0
https://www.derbi.com,0
https://www.gilera.com,0
https://www.piaggio.com,0
https://www.vespa.com,0
https://www.malaguti.com,0
https://www.sym-global.com,0
https://www.kymco.com,0
https://www.tgb.com.tw,0
https://www.aeonmotor.com,0
https://www.pgo.com.tw,0
https://www.hartford-motors.com,0
https://www.sanyang.com.tw,0
https://www.cfmoto.com,0
https://www.loncinmotor.com,0
https://www.zongshen.com,0
https://www.lifan.com,0
https://www.jialing.com.cn,0
https://www.dayunmotor.com,0
https://www.qjmotor.com,0
https://www.benelli.com,0
https://www.keewaymotor.com,0
https://www.generic-motor.com,0
https://www.hyosungmotors.com,0
https://www.daelim.com,0
https://www.kymco.com,0
https://www.sym-global.com,0
https://www.pgo.com,0
https://www.aeonmotor.com,0
https://www.hartford-motors.com,0
https://www.sanyang.com,0
https://www.cfmoto.com,0
https://www.loncinmotor.com,0
https://www.zongshen.com,0
https://www.lifan.com,0
https://www.jialing.com,0
https://www.dayunmotor.com,0
https://www.qjmotor.com,0
https://www.benelli.com,0
https://www.keewaymotor.com,0
https://www.generic-motor.com,0
https://www.hyosungmotors.com,0
https://www.daelim.com,0
https://www.kymco.com,0
https://www.sym-global.com,0
https://www.pgo.com,0
https://www.aeonmotor.com,0
https://www.hartford-motors.com,0
https://www.sanyang.com,0
https://www.cfmoto.com,0
https://www.loncinmotor.com,0
https://www.zongshen.com,0
https://www.lifan.com,0
https://www.jialing.com,0
https://www.dayunmotor.com,0
https://www.qjmotor.com,0
https://www.benelli.com,0
https://www.keewaymotor.com,0
https://www.generic-motor.com,0
https://www.hyosungmotors.com,0
https://www.daelim.com,0
https://www.kymco.com,0
https://www.sym-global.com,0
https://www.pgo.com,0
https://www.aeonmotor.com,0
https://www.hartford-motors.com,0
https://www.sanyang.com,0
https://www.cfmoto.com,0
https://www.loncinmotor.com,0
https://www.zongshen.com,0
https://www.lifan.com,0
https://www.jialing.com,0
https://www.dayunmotor.com,0
https://www.qjmotor.com,0
https://www.benelli.com,0
https://www.keewaymotor.com,0
https://www.generic-motor.com,0
https://www.hyosungmotors.com,0
https://www.daelim.com,0
https://www.kymco.com,0
https://www.sym-global.com,0
https://www.pgo.com,0
https://www.aeonmotor.com,0
https://www.hartford-motors.com,0
https://www.sanyang.com,0
https://www.cfmoto.com,0
https://www.loncinmotor.com,0
https://www.zongshen.com,0
https://www.lifan.com,0
https://www.jialing.com,0
https://www.dayunmotor.com,0
https://www.qjmotor.com,0
https://www.benelli.com,0
https://www.keewaymotor.com,0
https://www.generic-motor.com,0
https://www.hyosungmotors.com,0
https://www.daelim.com,0
https://www.kymco.com,0
https://www.sym-global.com,0
https://www.pgo.com,0
https://www.aeonmotor.com,0
https://www.hartford-motors.com,0
https://www.sanyang.com,0
https://www.cfmoto.com,0
https://www.loncinmotor.com,0
https://www.zongshen.com,0
https://www.lifan.com,0
https://www.jialing.com,0
https://www.dayunmotor.com,0
https://www.qjmotor.com,0
https://www.benelli.com,0
https://www.keewaymotor.com,0
https://www.generic-motor.com,0
https://www.hyosungmotors.com,0
https://www.daelim.com,0
https://www.kymco.com,0
https://www.sym-global.com,0
https://www.pgo.com,0
https://www.aeonmotor.com,0
https://www.hartford-motors.com,0
https://www.sanyang.com,0
https://www.cfmoto.com,0
https://www.loncinmotor.com,0
https://www.zongshen.com,0
https://www.lifan.com,0
https://www.jialing.com,0
https://www.dayunmotor.com,0
https://www.qjmotor.com,0
https://www.benelli.com,0
https://www.keewaymotor.com,0
https://www.generic-motor.com,0
https://www.hyosungmotors.com,0
https://www.daelim.com,0
https://www.kymco.com,0
https://www.sym-global.com,0
https://www.pgo.com,0
https://www.aeonmotor.com,0
https://www.hartford-motors.com,0
https://www.sanyang.com,0
https://www.cfmoto.com,0
https://www.loncinmotor.com,0
https://www.zongshen.com,0
https://www.lifan.com,0
https://www.jialing.com,0
https://www.dayunmotor.com,0
https://www.qjmotor.com,0
https://www.benelli.com,0
https://www.keewaymotor.com,0
https://www.generic-motor.com,0
https://www.hyosungmotors.com,0
https://www.daelim.com,0
https://www.kymco.com,0
https://www.sym-global.com,0
https://www.pgo.com,0
https://www.aeonmotor.com,0
https://www.hartford-motors.com,0
https://www.sanyang.com,0
https://www.cfmoto.com,0
https://www.loncinmotor.com,0
https://www.zongshen.com,0
https://www.lifan.com,0
https://www.jialing.com,0
https://www.dayunmotor.com,0
https://www.qjmotor.com,0
https://www.benelli.com,0
https://www.keewaymotor.com,0
https://www.generic-motor.com,0
https://www.hyosungmotors.com,0
https://www.daelim.com,0
https://www.kymco.com,0
https://www.sym-global.com,0
https://www.pgo.com,0
https://www.aeonmotor.com,0
https://www.hartford-motors.com,0
https://www.sanyang.com,0
https://www.cfmoto.com,0
https://www.loncinmotor.com,0
https://www.zongshen.com,0
https://www.lifan.com,0
https://www.jialing.com,0
https://www.dayunmotor.com,0
https://www.qjmotor.com,0
https://www.benelli.com,0
https://www.keewaymotor.com,0
https://www.generic-motor.com,0
https://www.hyosungmotors.com,0
https://www.daelim.com,0
https://www.kymco.com,0
https://www.sym-global.com,0
https://www.pgo.com,0
https://www.aeonmotor.com,0
https://www.hartford-motors.com,0
https://www.sanyang.com,0
https://www.cfmoto.com,0
https://www.loncinmotor.com,0
https://www.zongshen.com,0
https://www.lifan.com,0
https://www.jialing.com,0
https://www.dayunmotor.com,0
https://www.qjmotor.com,0
https://www.benelli.com,0
https://www.keewaymotor.com,0
https://www.generic-motor.com,0
https://www.hyosungmotors.com,0
https://www.daelim.com,0
https://www.kymco.com,0
https://www.sym-global.com,0
https://www.pgo.com,0
https://www.aeonmotor.com,0
https://www.hartford-motors.com,0
https://www.sanyang.com,0
https://www.cfmoto.com,0
https://www.loncinmotor.com,0
https://www.zongshen.com,0
https://www.lifan.com,0
https://www.jialing.com,0
https://www.dayunmotor.com,0
https://www.qjmotor.com,0
https://www.benelli.com,0
https://www.keewaymotor.com,0
https://www.generic-motor.com,0
https://www.hyosungmotors.com,0
https://www.daelim.com,0
https://www.kymco.com,0
https://www.sym-global.com,0
https://www.pgo.com,0
https://www.aeonmotor.com,0
https://www.hartford-motors.com,0
https://www.sanyang.com,0
https://www.cfmoto.com,0
https://www.loncinmotor.com,0
https://www.zongshen.com,0
https://www.lifan.com,0
https://www.jialing.com,0
https://www.dayunmotor.com,0
https://www.qjmotor.com,0
https://www.benelli.com,0
https://www.keewaymotor.com,0
https://www.generic-motor.com,0
https://www.hyosungmotors.com,0
https://www.daelim.com,0
https://www.kymco.com,0
https://www.sym-global.com,0
https://www.pgo.com,0
https://www.aeonmotor.com,0
https://www.hartford-motors.com,0
https://www.sanyang.com,0
https://www.cfmoto.com,0
https://www.loncinmotor.com,0
https://www.zongshen.com,0
https://www.lifan.com,0
https://www.jialing.com,0
https://www.dayunmotor.com,0
https://www.qjmotor.com,0
https://www.benelli.com,0
https://www.keewaymotor.com,0
https://www.generic-motor.com,0
https://www.hyosungmotors.com,0
https://www.daelim.com,0
https://www.kymco.com,0
https://www.sym-global.com,0
https://www.pgo.com,0
https://www.aeonmotor.com,0
https://www.hartford-motors.com,0
https://www.sanyang.com,0
https://www.cfmoto.com,0
https://www.loncinmotor.com,0
https://www.zongshen.com,0
https://www.lifan.com,0
https://www.jialing.com,0
https://www.dayunmotor.com,0
https://www.qjmotor.com,0
https://www.benelli.com,0
https://www.keewaymotor.com,0
https://www.generic-motor.com,0
https://www.hyosungmotors.com,0
https://www.daelim.com,0
https://www.kymco.com,0
https://www.sym-global.com,0
https://www.pgo.com,0
https://www.aeonmotor.com,0
https://www.hartford-motors.com,0
https://www.sanyang.com,0
https://www.cfmoto.com,0
https://www.loncinmotor.com,0
https://www.zongshen.com,0
https://www.lifan.com,0
https://www.jialing.com,0
https://www.dayunmotor.com,0
https://www.qjmotor.com,0
https://www.benelli.com,0
https://www.keewaymotor